seq,send_ts_ms,rtt_ms,est_oneway_ms
1,122529832.145157,13.6383,6.81915
2,122529838.659723,11.742493,5.871246
3,122529840.851302,13.19734,6.59867
4,122529842.071566,14.302285,7.151142
5,122529844.098147,12.440744,6.220372
6,122529845.182318,11.396756,5.698378
7,122529846.199749,10.409352,5.204676
8,122529869.284348,25.896584,12.948292
9,122530261.746979,75.745757,37.872878
10,122530816.667699,31.71174,15.85587
11,122530900.166455,6.088306,3.044153
12,122531116.765388,38.662186,19.331093
13,122531121.571528,36.228612,18.114306
14,122531138.055642,19.817411,9.908705
15,122531195.790424,7.232692,3.616346
16,122531559.903612,27.334203,13.667101
17,122531574.263739,15.211566,7.605783
18,122531677.507873,7.056563,3.528281
19,122531690.814121,5.760676,2.880338
20,122531692.021248,8.149277,4.074638
21,122531749.284762,5.988544,2.994272
22,122531765.613612,8.02203,4.011015
23,122531792.574402,5.815344,2.907672
24,122531815.247406,5.89026,2.94513
25,122531940.07352,8.73535,4.367675
26,122531960.960149,5.516875,2.758437
27,122531962.148871,7.584864,3.792432
28,122531973.557039,7.867351,3.933675
29,122531975.865693,7.774606,3.887303
30,122532196.857052,7.721817,3.860908
31,122532203.270364,5.670533,2.835266
32,122532209.714675,5.656738,2.828369
33,122532226.52427,5.426261,2.71313
34,122532244.243058,6.696513,3.348256
35,122532246.49976,5.594765,2.797382
36,122532261.618734,5.537021,2.76851
37,122532276.62356,5.454322,2.727161
38,122532284.232498,5.492063,2.746031
39,122532317.753366,6.746161,3.37308
40,122532322.116974,9.917653,4.958826
41,122532739.637791,41.931295,20.965647
42,122532755.465949,26.183189,13.091594
43,122532761.993612,19.672081,9.83604
44,122532764.197741,17.483737,8.741868
45,122532768.54105,13.154184,6.577092
46,122532797.708182,5.546744,2.773372
47,122532809.377585,5.500479,2.750239
48,122533800.735706,7.672806,3.836403
49,122533904.667534,7.57805,3.789025
50,122533914.384287,10.878549,5.439274
51,122533948.914618,7.892046,3.946023
52,122534001.418914,6.780726,3.390363
53,122534012.519305,8.027674,4.013837
54,122534057.668002,5.905801,2.9529
55,122534074.511138,9.280972,4.640486
56,122534126.152481,6.223207,3.111603
57,122534134.230734,6.064892,3.032446
58,122534165.398494,6.052587,3.026293
59,122534490.477333,8.264069,4.132034
60,122534634.537482,10.64351,5.321755
61,122534724.96412,9.162365,4.581182
62,122534759.844972,5.954071,2.977035
63,122534956.062092,12.726268,6.363134
64,122534957.208344,11.746438,5.873219
65,122535081.535679,6.802616,3.401308
66,122535089.203036,9.027653,4.513826
67,122535250.811519,8.049891,4.024945
68,122535450.717337,8.474182,4.237091
69,122535468.067079,6.85307,3.426535
70,122535640.3308,9.993106,4.996553
71,122535832.435749,19.423778,9.711889
72,122535958.500873,7.345367,3.672683
73,122535973.398324,4.807614,2.403807
74,122536019.439824,7.150759,3.575379
75,122536656.460688,8.509599,4.254799
76,122537013.499371,10.792697,5.396348
77,122537506.969843,9.425915,4.712957
78,122538255.552071,8.59128,4.29564
79,122539056.885102,8.340472,4.170236
80,122539075.381882,7.023183,3.511591
81,122539307.195738,14.084271,7.042135
82,122539309.451051,14.1189,7.05945
83,122539556.685271,9.426117,4.713058
84,122539564.715148,5.88927,2.944635
85,122539745.583646,8.005025,4.002512
86,122539781.204436,6.900878,3.450439
87,122539957.974035,10.882277,5.441138
88,122539963.319592,5.603532,2.801766
89,122540125.586858,8.292748,4.146374
90,122540131.289164,8.275271,4.137635
91,122540234.253935,9.655097,4.827548
92,122540256.93411,10.351858,5.175929
93,122540390.363247,8.485008,4.242504
94,122540396.064653,5.337151,2.668575
95,122540476.447212,7.385736,3.692868
96,122540533.950835,10.862171,5.431085
97,122540624.051963,8.377853,4.188926
98,122540636.989515,7.034164,3.517082
99,122540738.221679,7.66664,3.83332
100,122540892.52421,9.807526,4.903763
101,122540997.503457,11.835743,5.917871
102,122541001.081355,9.502963,4.751481
103,122541148.509902,21.463817,10.731908
104,122541151.767842,18.354712,9.177356
105,122541262.123795,7.444243,3.722121
106,122541265.292888,7.92001,3.960005
107,122541430.658107,9.185501,4.59275
108,122541449.191324,7.182582,3.591291
109,122541556.557124,12.092532,6.046266
110,122541563.096462,9.128051,4.564025
111,122541738.530821,9.819731,4.909865
112,122541755.878916,6.692721,3.34636
113,122541871.655306,11.921584,5.960792
114,122541873.811825,11.041013,5.520506
115,122542019.414335,8.238784,4.119392
116,122542032.198686,6.07505,3.037525
117,122542203.54145,9.663909,4.831954
118,122542472.713064,23.538978,11.769489
119,122542706.088652,6.226041,3.11302
120,122542720.820363,6.990383,3.495191
121,122542886.728887,40.472864,20.236432
122,122543271.332546,9.484418,4.742209
123,122543496.543478,11.143314,5.571657
124,122543638.327553,9.768289,4.884144
125,122543706.674587,6.808733,3.404366
126,122543945.320921,10.247024,5.123512
127,122544220.289815,9.801927,4.900963
128,122544225.712066,8.877737,4.438868
129,122544249.554372,11.05371,5.526855
130,122544250.649554,10.051393,5.025696
131,122544251.717113,9.00741,4.503705
132,122544296.178737,7.587773,3.793886
133,122544297.219734,9.866159,4.933079
134,122544303.749042,8.691027,4.345513
135,122544314.596879,7.701071,3.850535
136,122544330.830709,11.501651,5.750825
137,122544453.433015,9.618339,4.809169
138,122544458.202133,7.071516,3.535758
139,122544478.777363,6.506342,3.253171
140,122544548.378814,6.106985,3.053492
141,122544549.466942,7.523634,3.761817
142,122544569.0984,6.064214,3.032107
143,122544661.026293,16.652744,8.326372
144,122544663.272326,14.467414,7.233707
145,122544697.022043,8.68758,4.34379
146,122544735.991317,6.563443,3.281721
147,122544764.1884,11.897291,5.948645
148,122544768.557046,9.737845,4.868922
149,122544838.080975,6.95676,3.47838
150,122544840.260451,7.012758,3.506379
151,122544987.580009,11.394371,5.697185
152,122544991.267065,9.933181,4.96659
153,122545054.731537,7.747228,3.873614
154,122545064.440825,7.710325,3.855162
155,122545076.354465,6.570253,3.285126
156,122545188.692592,5.659719,2.829859
157,122545201.70842,7.884449,3.942224
158,122545278.743489,6.850512,3.425256
159,122545298.426605,9.099168,4.549584
160,122545543.157054,11.204466,5.602233
161,122545549.906786,7.766357,3.883178
162,122545963.820802,17.974151,8.987075
163,122546640.091747,12.533945,6.266972
164,122546642.295272,10.525556,5.262778
165,122546643.425563,17.928314,8.964157
166,122546644.550406,16.852908,8.426454
167,122546646.83868,14.583843,7.291921
168,122546649.288605,12.148643,6.074321
169,122546961.385309,15.058217,7.529108
170,122546962.469887,14.035201,7.0176
171,122546965.916137,10.606269,5.303134
172,122546967.113014,9.512701,4.75635
173,122546970.582767,11.40726,5.70363
174,122546973.043915,12.145866,6.072933
175,122546974.209682,11.002531,5.501265
176,122546975.337611,14.178173,7.089086
177,122546976.607499,12.9335,6.46675
178,122546990.409931,5.54611,2.773055
179,122546991.484335,7.684548,3.842274
180,122546998.30859,6.342249,3.171124
181,122547005.228999,5.476786,2.738393
182,122547059.505617,6.732838,3.366419
183,122547075.779426,5.504736,2.752368
184,122547086.545821,8.655479,4.327739
185,122547091.910876,10.032368,5.016184
186,122547097.266802,6.935822,3.467911
187,122547423.089691,51.099562,25.549781
188,122547424.293495,51.090045,25.545022
189,122547425.353784,50.102373,25.051186
190,122547426.44493,218.832808,109.416404
191,122548900.749711,9.460138,4.730069
192,122549335.721157,5.832635,2.916317
193,122549434.749814,7.07938,3.53969
194,122549511.491106,7.056247,3.528123
195,122549794.745912,6.582557,3.291278
196,122549837.872024,16.45467,8.227335
197,122549949.645899,6.61131,3.305655
198,122549955.498452,6.184326,3.092163
199,122550225.521718,12.993646,6.496823
200,122550236.221409,9.903778,4.951889
201,122550239.490819,8.852109,4.426054
202,122550377.847081,12.088274,6.044137
203,122550378.832156,13.311182,6.655591
204,122550379.881931,12.285543,6.142771
205,122550589.277571,12.617366,6.308683
206,122550590.452219,11.529562,5.764781
207,122550591.581197,10.431771,5.215885
208,122550593.920166,10.322431,5.161215
209,122550595.086808,9.216221,4.60811
210,122550623.151842,6.836396,3.418198
211,122550680.449446,11.701173,5.850586
212,122550685.874156,8.76389,4.381945
213,122550688.078388,9.801746,4.900873
214,122550692.582994,7.446988,3.723494
215,122550952.470645,8.40107,4.200535
216,122550958.436251,10.276438,5.138219
217,122550959.607825,9.188578,4.594289
218,122550960.818419,10.181387,5.090693
219,122550994.274878,5.865459,2.932729
220,122551040.973011,5.517587,2.758793
221,122551900.545637,9.266704,4.633352
222,122551908.563606,5.952685,2.976342
223,122551990.317379,6.613199,3.306599
224,122551994.70073,7.904075,3.952037
225,122552235.869139,8.329149,4.164574
226,122552237.097131,10.589038,5.294519
227,122552239.327457,8.481343,4.240671
228,122552242.806005,7.373072,3.686536
229,122552257.767989,5.728601,2.8643
230,122552299.587031,6.122075,3.061037
231,122552523.606514,16.574442,8.287221
232,122552565.059124,52.521507,26.260753
233,122552570.388277,47.298455,23.649227
234,122552748.901849,63.303888,31.651944
235,122552752.314195,95.463023,47.731511
236,122552753.437975,94.409459,47.204729
237,122552760.661071,87.20042,43.60021
238,122552767.541672,80.330623,40.165311
239,122552768.66414,79.218224,39.609112
240,122552812.583624,39.633604,19.816802
241,122552820.985093,31.298622,15.649311
242,122552823.336917,28.965348,14.482674
243,122552828.915595,23.40025,11.700125
244,122552830.023724,22.305448,11.152724
245,122552876.535826,7.100424,3.550212
246,122552882.604291,11.304729,5.652364
247,122552895.676063,5.821787,2.910893
248,122552923.047352,6.975744,3.487872
249,122553075.797139,8.570466,4.285233
250,122553082.099799,12.320571,6.160285
251,122553084.566064,12.276252,6.138126
252,122553089.993126,17.176403,8.588201
253,122553092.165493,15.103732,7.551866
254,122553100.926985,7.473712,3.736856
255,122553105.157717,12.412552,6.206276
256,122553106.245639,12.546357,6.273178
257,122553118.309905,8.423087,4.211543
258,122553119.369696,8.757987,4.378993
259,122553121.550899,6.722111,3.361055
260,122553122.628971,9.053927,4.526963
261,122553125.915521,8.248184,4.124092
262,122553135.535988,6.894571,3.447285
263,122553137.704119,9.48439,4.742195
264,122553141.110164,8.417704,4.208852
265,122553333.376707,9.768939,4.884469
266,122553366.164429,12.003182,6.001591
267,122553369.384542,12.108642,6.054321
268,122553370.481134,16.726961,8.36348
269,122553371.585987,15.65899,7.829495
270,122553373.817051,14.510653,7.255326
271,122553374.936775,13.427202,6.713601
272,122553376.047802,12.334893,6.167446
273,122553377.144075,13.409592,6.704796
274,122553378.25074,12.335174,6.167587
275,122553402.260617,7.671909,3.835954
276,122553404.532484,6.549098,3.274549
277,122553422.087416,6.726813,3.363406
278,122553428.63644,5.759484,2.879742
279,122553436.227515,5.920065,2.960032
280,122553453.622035,8.136346,4.068173
281,122553518.792475,5.861516,2.930758
282,122553522.080384,6.156971,3.078485
283,122553528.630686,5.880549,2.940274
284,122553601.204951,10.769729,5.384864
285,122553627.290593,5.531741,2.76587
286,122553643.527619,5.478561,2.73928
287,122553644.619698,6.59298,3.29649
288,122553652.318114,10.818751,5.409375
289,122553653.45395,9.719097,4.859548
290,122553673.351501,9.830229,4.915114
291,122553674.430042,8.793953,4.396976
292,122553678.782852,7.652964,3.826482
293,122553682.097579,8.729155,4.364577
294,122553696.245891,7.573144,3.786572
295,122553929.113017,10.839794,5.419897
296,122553933.405816,9.815607,4.907803
297,122553934.489888,8.75294,4.37647
298,122553935.576976,7.679847,3.839923
299,122553937.75599,12.918529,6.459264
300,122553951.768906,8.596978,4.298489
301,122553969.105965,8.628385,4.314192
302,122553983.163363,11.892538,5.946269
303,122553987.511906,10.768888,5.384444
304,122553998.55612,13.043378,6.521689
305,122554018.348748,5.503975,2.751987
306,122554019.424247,7.59139,3.795695
307,122554049.795584,7.67769,3.838845
308,122554102.863302,6.636051,3.318025
309,122554184.808958,6.889582,3.444791
310,122554200.906097,5.566504,2.783252
311,122554212.342113,5.455405,2.727702
312,122554236.315993,6.023445,3.011722
313,122554241.073429,9.911953,4.955976
314,122554245.643615,8.581427,4.290713
315,122554248.908608,7.457529,3.728764
316,122554381.407486,8.379599,4.189799
317,122554470.530264,6.709069,3.354534
318,122554478.181262,7.78516,3.89258
319,122554480.343116,9.882811,4.941405
320,122554481.430673,8.814024,4.407012
321,122554483.592046,8.786663,4.393331
322,122554522.548938,6.746616,3.373308
323,122554538.771086,10.742765,5.371382
324,122554539.863031,12.927096,6.463548
325,122554574.115274,9.874505,4.937252
326,122554611.785019,6.533236,3.266618
327,122554768.210622,11.072168,5.536084
328,122554773.835868,22.75903,11.379515
329,122554776.191274,20.446427,10.223213
330,122554780.549799,28.971657,14.485828
331,122554781.6361,27.925863,13.962931
332,122554791.262449,21.548668,10.774334
333,122554797.763576,18.318718,9.159359
334,122554807.675488,8.429089,4.214544
335,122554810.088741,9.288603,4.644301
336,122554813.364956,6.031859,3.015929
337,122555038.6884,8.939343,4.469671
338,122555042.245208,11.988397,5.994198
339,122555045.578092,10.826015,5.413007
340,122555071.669161,7.595628,3.797814
341,122555096.557012,7.637079,3.818539
342,122555125.632404,8.067064,4.033532
343,122555127.965485,8.104433,4.052216
344,122555136.398311,6.856836,3.428418
345,122555186.534703,5.87474,2.93737
346,122555304.56283,9.987119,4.993559
347,122555314.665932,10.814318,5.407159
348,122555315.775345,9.738629,4.869314
349,122555316.887482,9.701082,4.850541
350,122555323.300374,8.705065,4.352532
351,122555338.463497,7.651651,3.825825
352,122555340.644097,9.946748,4.973374
353,122555342.827299,13.530753,6.765376
354,122555345.063397,11.385824,5.692912
355,122555468.638378,18.67555,9.337775
356,122555573.083085,6.664584,3.332292
357,122555586.726424,10.785,5.3925
358,122555587.789562,9.769154,4.884577
359,122555589.972198,7.601529,3.800764
360,122555591.099994,7.547163,3.773581
361,122555594.307124,9.647569,4.823784
362,122555613.785366,5.510718,2.755359
363,122555626.742159,6.602643,3.301321
364,122555637.485131,6.824372,3.412186
365,122555640.966784,9.124088,4.562044
366,122555644.490752,7.864301,3.93215
367,122555670.343409,6.968049,3.484024
368,122555710.29768,5.985999,2.992999
369,122555772.717801,5.800431,2.900215
370,122555837.709757,6.647682,3.323841
371,122555861.856635,6.590568,3.295284
372,122555880.14827,5.532921,2.76646
373,122555881.257661,10.971297,5.485648
374,122555882.374276,9.927795,4.963897
375,122555883.496235,8.828281,4.41414
376,122555884.572801,8.857747,4.428873
377,122555888.941523,7.757314,3.878657
378,122555893.575828,5.419341,2.70967
379,122555904.638406,8.039201,4.0196
380,122555906.778442,9.527165,4.763582
381,122555910.071423,6.352247,3.176123
382,122555978.127669,6.072519,3.036259
383,122556019.302977,7.55306,3.77653
384,122556120.46502,7.143108,3.571554
385,122556134.404628,21.401224,10.700612
386,122556135.486375,20.395968,10.197984
387,122556136.610039,19.28784,9.64392
388,122556137.757202,18.15341,9.076705
389,122556141.159116,14.763368,7.381684
390,122556142.158495,13.775431,6.887715
391,122556186.718455,7.220161,3.61008
392,122556205.149426,10.664397,5.332198
393,122556206.243931,14.16429,7.082145
394,122556214.262814,8.574177,4.287088
395,122556215.552137,10.834257,5.417128
396,122556237.547085,7.407067,3.703533
397,122556256.355312,6.095147,3.047573
398,122556289.596247,5.797408,2.898704
399,122556315.859354,7.209823,3.604911
400,122556372.087472,9.229869,4.614934
401,122556380.306461,5.536943,2.768471
402,122556392.209066,6.090836,3.045418
403,122556393.274479,8.657302,4.328651
404,122556399.976089,7.621353,3.810676
405,122556420.413846,7.08835,3.544175
406,122556423.774446,8.647435,4.323717
407,122556424.863696,11.211196,5.605598
408,122556425.926363,10.235938,5.117969
409,122556427.083591,9.113525,4.556762
410,122556646.968805,13.347535,6.673767
411,122556647.896764,16.261734,8.130867
412,122556648.972155,15.321466,7.660733
413,122556690.893421,8.153906,4.076953
414,122556720.435051,6.911301,3.45565
415,122556731.224033,5.904672,2.952336
416,122556774.316688,6.017905,3.008952
417,122556789.693657,5.842435,2.921217
418,122556901.485283,15.064652,7.532326
419,122556904.886946,12.868701,6.43435
420,122556919.862421,10.633455,5.316727
421,122556955.730904,7.835813,3.917906
422,122557022.206642,5.547386,2.773693
423,122557044.331117,9.683153,4.841576
424,122557192.983789,9.889686,4.944843
425,122557219.491065,12.794708,6.397354
426,122557220.563222,14.067293,7.033646
427,122557221.717094,13.026629,6.513314
428,122557222.83343,11.948277,5.974138
429,122557223.913357,10.898301,5.44915
430,122557230.710245,11.250826,5.625413
431,122557292.469757,11.852128,5.926064
432,122557299.282775,7.500272,3.750136
433,122557309.550249,6.898905,3.449452
434,122557363.183076,14.356445,7.178222
435,122557403.796815,6.320491,3.160245
436,122557536.306399,10.583122,5.291561
437,122557542.835087,7.630277,3.815138
438,122557594.149193,15.394628,7.697314
439,122557596.316627,13.298001,6.649
440,122557601.785625,7.846082,3.923041
441,122557766.830369,32.696222,16.348111
442,122557767.968191,31.674819,15.837409
443,122557771.196893,28.483984,14.241992
444,122557859.144295,12.047876,6.023938
445,122557867.759793,114.329716,57.164858
446,122557986.569062,12.343026,6.171513
447,122558062.549263,10.814527,5.407263
448,122558071.204356,7.012737,3.506368
449,122558081.9387,7.350813,3.675406
450,122558089.831798,5.868315,2.934157
451,122558100.760065,6.728861,3.36443
452,122558110.114429,5.824558,2.912279
453,122558127.405447,5.88171,2.940855
454,122558173.697394,9.263544,4.631772
455,122558360.683074,13.664376,6.832188
456,122558361.798709,12.62987,6.314935
457,122558362.907203,11.539142,5.769571
458,122558366.201901,8.258641,4.12932
459,122558423.870694,6.652228,3.326114
460,122558430.351036,7.85173,3.925865
461,122558431.400155,9.07594,4.53797
462,122558476.491494,6.754707,3.377353
463,122558540.740128,8.236077,4.118038
464,122558594.927602,5.84363,2.921815
465,122558613.814455,6.74688,3.37344
466,122558619.071892,5.982458,2.991229
467,122558623.490283,8.176125,4.088062
468,122558644.254761,6.547548,3.273774
469,122558652.407682,6.743376,3.371688
470,122558653.662748,7.663703,3.831851
471,122558738.461095,6.574752,3.287376
472,122558833.093587,6.591973,3.295986
473,122558875.251861,6.620078,3.310039
474,122558882.806383,6.57671,3.288355
475,122558888.124008,7.022341,3.51117
476,122558930.262834,6.054655,3.027327
477,122558981.572449,8.10961,4.054805
478,122558989.084849,6.225757,3.112878
479,122558998.823276,11.760905,5.880452
480,122559052.522843,6.710566,3.355283
481,122559164.075139,8.7894,4.3947
482,122559177.394558,5.883187,2.941593
483,122559182.818619,6.007788,3.003894
484,122559219.550752,10.64274,5.32137
485,122559224.050355,10.921468,5.460734
486,122559239.097908,6.083974,3.041987
487,122559446.557614,9.613125,4.806562
488,122559448.796426,10.821674,5.410837
489,122559449.867824,12.300701,6.15035
490,122559456.66087,7.826145,3.913072
491,122559488.538395,8.633993,4.316996
492,122559504.792785,9.169353,4.584676
493,122559523.094164,6.138747,3.069373
494,122559563.22042,12.287448,6.143724
495,122559700.777916,7.072167,3.536083
496,122559724.405709,5.899329,2.949664
497,122559738.55044,12.656994,6.328497
498,122559739.786511,11.51744,5.75872
499,122559744.508439,10.13568,5.06784
500,122559750.343337,6.751943,3.375971
501,122559774.891336,8.188865,4.094432
502,122559817.489854,7.334737,3.667368
503,122559858.670102,10.5115,5.25575
504,122559944.75816,10.463865,5.231932
505,122559988.617317,6.957861,3.47893
506,122559992.182297,7.947752,3.973876
507,122559993.269045,6.996425,3.498212
508,122559996.647013,5.826129,2.913064
509,122560043.970085,6.019673,3.009836
510,122560057.37712,5.947511,2.973755
511,122560059.719128,8.189624,4.094812
512,122560110.543926,6.128042,3.064021
513,122560185.062609,12.357788,6.178894
514,122560255.198161,8.946624,4.473312
515,122560276.994831,6.146636,3.073318
516,122560285.783005,8.100232,4.050116
517,122560289.041476,7.243028,3.621514
518,122560298.737436,8.450309,4.225154
519,122560331.849603,9.274927,4.637463
520,122560337.218557,6.339714,3.169857
521,122560545.692854,10.707843,5.353921
522,122560546.781712,10.84579,5.422895
523,122560548.910619,8.768135,4.384067
524,122560626.8466,5.960136,2.980068
525,122560722.535506,6.260343,3.130171
526,122561933.688204,8.250473,4.125236
527,122561938.376109,6.94647,3.473235
528,122561965.177934,10.597675,5.298837
529,122563700.671576,8.136826,4.068413
530,122566426.832903,20.703336,10.351668
531,122566532.378851,9.652626,4.826313
532,122566706.684216,8.305022,4.152511
533,122566835.92968,8.307213,4.153606
534,122566961.699715,8.091379,4.045689
535,122567098.738515,9.475655,4.737827
536,122567235.554055,10.970829,5.485414
537,122567359.630237,15.108117,7.554058
538,122567777.696187,8.557705,4.278852
539,122567824.844602,7.030862,3.515431
540,122567912.06013,8.462414,4.231207
541,122567955.156083,9.3144,4.6572
542,122568158.743544,6.081745,3.040872
543,122568224.671589,8.163162,4.081581
544,122568225.795786,8.387195,4.193597
545,122568393.687686,7.037246,3.518623
546,122568402.765465,5.731683,2.865841
547,122568433.493426,9.571875,4.785937
548,122568543.804751,9.530409,4.765204
549,122568554.555974,7.22576,3.61288
550,122568663.725121,9.42525,4.712625
551,122568666.878868,8.596352,4.298176
552,122568707.984727,6.165365,3.082682
553,122568724.91356,9.14718,4.57359
554,122568759.2499,5.978101,2.98905
555,122568769.966194,6.182939,3.091469
556,122568804.033655,6.165895,3.082947
557,122581079.687894,14.076556,7.038278
558,122581266.40723,8.315827,4.157913
559,122581325.409698,9.001595,4.500797
560,122581489.314005,12.830334,6.415167
561,122581558.697839,7.102757,3.551378
562,122581662.455054,8.367941,4.18397
563,122581738.846602,6.955621,3.47781
564,122581858.558981,9.804647,4.902323
565,122581935.427277,6.578368,3.289184
566,122582069.811772,6.720709,3.360354
567,122582178.427376,7.673845,3.836922
568,122582338.131219,72.680826,36.340413
569,122582444.072705,63.291697,31.645848
570,122582663.925271,8.665097,4.332548
571,122582797.997923,9.265138,4.632569
572,122583019.515501,10.927403,5.463701
573,122583146.304463,7.000611,3.500305
574,122583361.630083,19.050166,9.525083
575,122583692.626103,6.588885,3.294442
576,122584441.336912,8.207294,4.103647
577,122588074.103546,16.005449,8.002724
578,122588079.770155,12.633629,6.316814
579,122588147.021726,7.014427,3.507213
580,122588730.176716,12.939212,6.469606
581,122588857.569415,9.464248,4.732124
582,122588859.920512,7.225055,3.612527
583,122589259.418252,57.398291,28.699145
584,122589280.123368,39.175881,19.58794
585,122589283.421939,36.06392,18.03196
586,122590551.274064,11.336903,5.668451
587,122590650.137444,6.431377,3.215688
588,122590666.076364,7.050359,3.525179
589,122590701.238363,7.017561,3.50878
590,122591024.041738,35.479013,17.739506
591,122591100.341238,9.947647,4.973823
592,122591142.396656,7.205944,3.602972
593,122591245.851877,6.482414,3.241207
594,122591270.613363,7.200354,3.600177
595,122592401.122493,7.205281,3.60264
596,122592403.271617,8.714698,4.357349
597,122592419.474061,5.848373,2.924186
598,122595029.841983,9.361505,4.680752
599,122595174.603771,7.189707,3.594853
600,122595387.803178,8.310799,4.155399
601,122595613.804474,10.344082,5.172041
602,122595626.636553,7.946642,3.973321
603,122595641.603486,5.74291,2.871455
604,122596037.311903,11.844847,5.922423
605,122596038.367542,11.967915,5.983957
606,122596041.65406,8.748047,4.374023
607,122596215.340642,9.441498,4.720749
608,122596223.939925,5.488338,2.744169
609,122596276.780881,5.626605,2.813302
610,122596484.315953,7.126968,3.563484
611,122596513.475447,5.837753,2.918876
612,122596539.052713,7.035502,3.517751
613,122596752.128098,8.242634,4.121317
614,122596764.526259,10.259504,5.129752
615,122596802.571246,6.048147,3.024073
616,122597314.672731,10.700385,5.350192
617,122597331.538122,8.028927,4.014463
618,122597334.785274,7.18436,3.59218
619,122597522.816753,12.045636,6.022818
620,122597524.97418,9.990832,4.995416
621,122597557.317067,5.90867,2.954335
622,122597665.58692,54.544698,27.272349
623,122597673.101291,47.144576,23.572288
624,122597690.226559,62.306091,31.153045
625,122597828.548904,14.466557,7.233278
626,122597839.261154,22.179142,11.089571
627,122597895.471453,43.272049,21.636024
628,122598001.57197,5.600821,2.80041
629,122598006.910723,7.770051,3.885025
630,122598027.309621,7.736845,3.868422
631,122598192.886204,8.488263,4.244131
632,122598214.205133,10.692438,5.346219
633,122598334.793587,6.621212,3.310606
634,122598509.306377,9.497191,4.748595
635,122598522.524564,7.748271,3.874135
636,122598847.776283,6.578353,3.289176
637,122598852.490238,6.190369,3.095184
638,122599024.3494,7.684557,3.842278
639,122599031.58845,6.921453,3.460726
640,122599066.575359,6.581249,3.290624
641,122599591.929223,12.025749,6.012874
642,122599593.022448,12.096227,6.048113
643,122599594.110041,12.107968,6.053984
644,122599815.489729,8.926494,4.463247
645,122599817.68081,7.90402,3.95201
646,122599847.788499,5.872816,2.936408
647,122600014.311383,9.769068,4.884534
648,122600020.767788,6.737279,3.368639
649,122600053.038449,6.566467,3.283233
650,122600179.713434,9.015576,4.507788
651,122600183.25413,8.899375,4.449687
652,122600186.678529,7.76872,3.88436
653,122600904.028841,9.776929,4.888464
654,122600953.025029,5.596343,2.798171
655,122600982.072423,5.556352,2.778176
656,122601620.48241,10.876874,5.438437
657,122601624.060268,7.382868,3.691434
658,122601625.26525,8.358754,4.179377
659,122602335.487184,90.135517,45.067758
660,122602371.05658,58.297803,29.148901
661,122602373.27473,56.274762,28.137381
662,122602752.180462,54.584506,27.292253
663,122602753.362576,53.555284,26.777642
664,122602758.027847,48.944747,24.472373
665,122603371.371408,8.26959,4.134795
666,122603404.086715,6.194114,3.097057
667,122603459.218249,9.534977,4.767488
668,122603899.988633,6.202876,3.101438
669,122603902.379114,6.213965,3.106982
670,122603905.784629,5.270864,2.635432
671,122604658.987558,20.243769,10.121884
672,122604691.153832,9.179164,4.589582
673,122604738.659841,7.19271,3.596355
674,122604739.743821,7.498149,3.749074
675,122604800.542021,8.585215,4.292607
676,122604809.281054,7.463672,3.731836
677,122605015.455186,8.394394,4.197197
678,122605018.779573,6.421325,3.210662
679,122605033.822546,5.781012,2.890506
680,122605036.189928,9.26483,4.632415
681,122605037.289714,9.378999,4.689499
682,122605038.412411,9.50239,4.751195
683,122605838.861135,74.106498,37.053249
684,122605859.299928,53.78891,26.894455
685,122605864.923479,48.187405,24.093702
686,122605893.048369,20.078978,10.039489
687,122605894.031519,19.111611,9.555805
688,122605895.169333,17.989894,8.994947
689,122606594.911434,9.326249,4.663124
690,122606618.268299,13.248352,6.624176
691,122606620.427651,11.185687,5.592843
692,122606628.385381,9.935932,4.967966
693,122606629.428764,8.929572,4.464786
694,122606632.687104,7.887673,3.943836
695,122607450.245668,17.111267,8.555633
696,122607460.49269,6.957968,3.478984
697,122607493.947527,36.852148,18.426074
698,122607501.128128,29.790501,14.89525
699,122607504.539353,57.621161,28.81058
700,122607610.353227,72.429323,36.214661
701,122608361.849785,9.442518,4.721259
702,122608367.68922,5.909278,2.954639
703,122608382.809469,13.460157,6.730078
704,122608385.112969,11.22238,5.61119
705,122608387.215307,11.271861,5.63593
706,122608390.346058,8.176038,4.088019
707,122608940.862472,41.589107,20.794553
708,122608959.464277,25.225052,12.612526
709,122608964.851497,19.860863,9.930431
710,122608967.112837,17.615552,8.807776
711,122609007.060251,6.797447,3.398723
712,122609134.024277,9.205567,4.602783
713,122611178.565084,6.798773,3.399386
714,122611188.522243,6.871001,3.4355
715,122611189.518289,5.908049,2.954024
716,122611194.219103,8.894953,4.447476
717,122611199.477879,6.878839,3.439419
718,122611200.646962,8.982672,4.491336
719,122611645.304478,12.024986,6.012493
720,122611648.563978,9.932525,4.966262
721,122611670.10264,6.693363,3.346681
722,122611673.316808,5.663433,2.831716
723,122611678.681562,7.082603,3.541301
724,122611696.95186,11.937197,5.968598
725,122611808.64436,6.821217,3.410608
726,122611814.35735,8.218587,4.109293
727,122611815.558987,11.538892,5.769446
728,122611816.708813,10.441537,5.220768
729,122611824.275055,10.486234,5.243117
730,122611825.483988,11.522757,5.761378
731,122611983.460959,14.025828,7.012914
732,122611989.353742,8.216557,4.108278
733,122611992.937581,6.82199,3.410995
734,122612006.665764,5.662952,2.831476
735,122612016.826333,5.470392,2.735196
736,122612021.490967,6.252755,3.126377
737,122612161.195029,8.826246,4.413123
738,122612172.80213,5.463692,2.731846
739,122612177.582416,10.585065,5.292532
740,122612178.683864,9.555135,4.777567
741,122612180.917726,7.338558,3.669279
742,122612183.336562,6.047581,3.02379
743,122612195.664953,4.781114,2.390557
744,122612200.28385,6.65915,3.329575
745,122612240.734178,6.532678,3.266339
746,122612475.167632,84.582321,42.29116
747,122612740.807394,18.392275,9.196137
748,122612769.627676,9.804867,4.902433
749,122612783.379133,5.658897,2.829448
750,122612799.676092,5.516221,2.75811
751,122612866.550728,6.678838,3.339419
752,122612878.373733,6.658036,3.329018
753,122612982.139989,6.716133,3.358066
754,122612985.381617,5.697168,2.848584
755,122612991.873879,7.02244,3.51122
756,122613174.823293,7.284855,3.642427
757,122613225.060467,6.894724,3.447362
758,122613236.057591,5.509773,2.754886
759,122613250.331571,6.585072,3.292536
760,122613295.778409,6.607382,3.303691
761,122613399.580481,6.775056,3.387528
762,122613404.983595,7.886163,3.943081
763,122613411.431805,12.168313,6.084156
764,122613508.306122,7.820589,3.910294
765,122613537.336126,5.803595,2.901797
766,122613557.930099,5.724623,2.862311
767,122613567.866895,5.510351,2.755175
768,122613708.836724,8.831362,4.415681
769,122614039.218593,17.38411,8.692055
770,122614099.940081,7.697158,3.848579
771,122614132.394972,10.839007,5.419503
772,122614155.358573,10.974309,5.487154
773,122617281.318518,5.517947,2.758973
774,122617408.458457,53.647911,26.823955
775,122617436.600391,35.209903,17.604951
776,122617575.541355,23.732356,11.866178
777,122617593.293448,12.459361,6.22968
778,122617699.643249,77.371011,38.685505
779,122617747.134324,63.412479,31.706239
780,122617897.947587,62.259566,31.129783
781,122617911.226065,61.941538,30.970769
782,122618050.159039,7.734987,3.867493
783,122618095.500891,7.657775,3.828887
784,122618293.263661,12.029734,6.014867
785,122618318.095199,6.589185,3.294592
786,122619449.308467,9.439772,4.719886
787,122619500.086366,6.680196,3.340098
788,122619589.128074,6.647129,3.323564
789,122619707.856044,7.767847,3.883923
790,122619822.365992,13.082784,6.541392
791,122619908.175078,11.989783,5.994891
792,122619983.138599,7.700496,3.850248
793,122620157.654638,11.922251,5.961125
794,122620189.101728,6.619995,3.309997
795,122620196.020406,5.502338,2.751169
796,122620208.992656,7.741553,3.870776
797,122620256.351034,6.665378,3.332689
798,122620262.806902,8.848682,4.424341
799,122620313.857099,7.112098,3.556049
800,122620395.359604,6.210376,3.105188
801,122620402.987687,6.440488,3.220244
802,122620472.621466,6.008989,3.004494
803,122620564.526766,7.286189,3.643094
804,122620572.470106,6.090358,3.045179
805,122620574.786171,8.463746,4.231873
806,122620579.06957,6.49115,3.245575
807,122620595.079743,10.466305,5.233152
808,122620601.567554,9.828759,4.914379
809,122620602.711278,15.723733,7.861866
810,122620603.830845,14.727126,7.363563
811,122620612.022601,6.572159,3.286079
812,122620615.476342,9.014347,4.507173
813,122621022.89384,42.286899,21.143449
814,122621025.303169,42.165753,21.082876
815,122621045.168665,22.407353,11.203676
816,122621046.171956,21.435416,10.717708
817,122621052.578927,15.053627,7.526813
818,122621055.819575,11.837356,5.918678
819,122621074.163148,7.29771,3.648855
820,122621075.18695,8.708645,4.354322
821,122621078.44536,8.911524,4.455762
822,122621138.068017,6.274519,3.137259
823,122621243.165534,8.358094,4.179047
824,122621274.383309,7.325739,3.662869
825,122621281.627895,7.107595,3.553797
826,122621305.329742,8.268929,4.134464
827,122621307.552443,6.156106,3.078053
828,122621308.746029,7.311264,3.655632
829,122621314.260315,7.760062,3.880031
830,122621323.089327,7.671365,3.835682
831,122621550.144939,12.416434,6.208217
832,122621551.256878,13.771437,6.885718
833,122621553.654692,11.431128,5.715564
834,122621554.775656,12.487509,6.243754
835,122621559.517762,7.798972,3.899486
836,122621560.700442,8.812904,4.406452
837,122621582.793566,5.74646,2.87323
838,122621740.899324,8.373996,4.186998
839,122621866.294327,9.601804,4.800902
840,122621954.851544,12.580599,6.290299
841,122621961.354615,9.390419,4.695209
842,122621962.527298,9.367645,4.683822
843,122621997.070029,12.637505,6.318752
844,122622006.250174,5.885354,2.942677
845,122622009.506534,11.345763,5.672881
846,122622013.996145,9.081673,4.540836
847,122622145.608273,8.23588,4.11794
848,122622146.714932,7.260286,3.630143
849,122622178.71822,5.971587,2.985793
850,122622182.201531,10.673486,5.336743
851,122622185.622341,7.403877,3.701938
852,122622219.850266,6.236718,3.118359
853,122622228.929837,5.829704,2.914852
854,122622376.771907,26.567391,13.283695
855,122622532.045716,32.151699,16.075849
856,122622598.662447,5.559785,2.779892
857,122622618.135734,9.14744,4.57372
858,122622712.842584,6.831424,3.415712
859,122622825.595419,8.671254,4.335627
860,122622873.427785,8.800585,4.400292
861,122622904.509232,6.617608,3.308804
862,122622909.998542,6.527513,3.263756
863,122622951.166764,12.052509,6.026254
864,122622953.417571,10.925887,5.462943
865,122622957.800281,15.132134,7.566067
866,122622965.279395,9.967322,4.983661
867,122623021.475326,9.633731,4.816865
868,122623030.765215,6.123723,3.061861
869,122623101.819119,6.985805,3.492902
870,122623143.868078,6.713966,3.356983
871,122623193.751433,5.602473,2.801236
872,122623197.981376,6.764975,3.382487
873,122623199.079974,6.798033,3.399016
874,122623201.165971,7.924992,3.962496
875,122623204.358958,13.343656,6.671828
876,122623207.838672,10.942292,5.471146
877,122623211.3014,7.498412,3.749206
878,122623218.061374,6.203317,3.101658
879,122623238.564648,6.654923,3.327461
880,122623239.593072,7.816001,3.908
881,122623241.822952,15.269954,7.634977
882,122623248.284954,8.831653,4.415826
883,122623327.647164,6.854973,3.427486
884,122623395.675063,6.919317,3.459658
885,122623414.930097,9.344202,4.672101
886,122623420.313655,6.20946,3.10473
887,122623433.87152,6.67027,3.335135
888,122623469.660437,5.656482,2.828241
889,122623492.193665,8.705242,4.352621
890,122623494.236957,6.708491,3.354245
891,122623495.331745,7.75496,3.87748
892,122623497.500641,8.782732,4.391366
893,122623505.089814,6.64542,3.32271
894,122623518.050521,6.74624,3.37312
